{"type":"Topology","arcs":[[[6033,5955],[16,-36],[-36,-5],[20,41]],[[3710,1121],[-17,1]],[[3693,1122],[0,12],[-9,13],[2,40],[24,-66]],[[3751,1212],[24,-43],[-57,-1],[33,44]],[[3820,1121],[1,-9]],[[3821,1112],[-1,-7]],[[3820,1105],[-8,0]],[[3812,1105],[8,16]],[[3801,1106],[-10,-12]],[[3791,1094],[-3,-6]],[[3788,1088],[-24,33]],[[3764,1121],[-7,18]],[[3757,1139],[44,-33]],[[3899,1184],[-8,42],[23,-6],[-15,-36]],[[3873,1135],[-4,-1]],[[3869,1134],[-17,6]],[[3852,1140],[21,-5]],[[3869,1134],[-7,-8]],[[3862,1126],[-10,0]],[[3852,1126],[-2,4]],[[3850,1130],[2,10]],[[3852,1126],[-7,-10]],[[3845,1116],[-12,15],[1,-18]],[[3834,1113],[-13,-1]],[[3820,1121],[13,16],[17,-7]],[[3873,1135],[1,-1]],[[3874,1134],[-5,-18]],[[3869,1116],[-3,-5]],[[3866,1111],[-3,0]],[[3863,1111],[-9,4]],[[3854,1115],[8,11]],[[3874,1134],[8,-1],[0,-9]],[[3882,1124],[-13,-8]],[[3854,1115],[0,-3]],[[3854,1112],[-9,0]],[[3845,1112],[0,4]],[[3764,1121],[-7,18]],[[3690,1082],[3,40]],[[3710,1121],[-20,-39]],[[3882,1124],[-3,-20]],[[3879,1104],[-7,1]],[[3872,1105],[-6,6]],[[3845,1112],[4,-13]],[[3849,1099],[-11,-4]],[[3838,1095],[-18,10]],[[3834,1113],[11,3]],[[3856,1107],[-2,5]],[[3863,1111],[-7,-4]],[[3856,1107],[6,-5]],[[3862,1102],[-5,-1]],[[3857,1101],[-1,6]],[[3857,1101],[-8,-2]],[[3872,1105],[-10,-3]],[[3838,1095],[0,-3]],[[3838,1092],[0,-18]],[[3838,1074],[-16,5]],[[3822,1079],[-31,15]],[[3801,1106],[11,-1]],[[3879,1104],[-3,-11]],[[3876,1093],[-17,3]],[[3859,1096],[3,6]],[[3859,1096],[-21,-4]],[[3876,1093],[-6,-27]],[[3870,1066],[-26,5]],[[3844,1071],[-6,3]],[[3822,1079],[1,-27]],[[3823,1052],[-3,-1]],[[3820,1051],[-12,-7]],[[3808,1044],[-42,16]],[[3766,1060],[-22,-3],[44,31]],[[3870,1066],[-16,-53],[-34,38]],[[3823,1052],[21,19]],[[3743,989],[-2,-16],[-7,10],[9,6]],[[3669,1038],[22,27],[28,-36],[-50,9]],[[3808,1044],[-42,16]],[[3853,1010],[-5,-24]],[[3848,986],[-64,27]],[[3784,1013],[69,-3]],[[5,869],[-5,11],[12,0],[-7,-11]],[[1,884],[0,26],[22,-7],[-22,-19]],[[3848,986],[-5,-25],[-68,0],[9,52]],[[3800,169],[96,-13],[0,-19]],[[3896,137],[-42,-18]],[[3854,119],[-40,16]],[[3814,135],[-14,34]],[[3896,137],[-1,-41]],[[3895,96],[-37,13]],[[3858,109],[-4,10]],[[3858,109],[-5,-26]],[[3853,83],[-10,-8]],[[3843,75],[-17,3]],[[3826,78],[-11,5]],[[3815,83],[-3,2]],[[3812,85],[-14,2],[16,48]],[[3895,96],[0,-8]],[[3895,88],[-42,-5]],[[3826,78],[-14,7]],[[3884,0],[-41,75]],[[3895,88],[-11,-88]]],"transform":{"scale":[0.0011097563921077737,0.0009959048291848264],"translate":[75.5305559147237,10.828006526280205]},"objects":{"constituencies":{"type":"GeometryCollection","geometries":[{"arcs":[[0]],"type":"Polygon","properties":{"name":"Yanam","acNo":30,"state":"Puducherry"}},{"arcs":[[[1,2]],[[3]]],"type":"MultiPolygon","properties":{"name":"Mannadipet","acNo":1,"state":"Puducherry"}},{"arcs":[[[4,5,6,7]],[[8,9,10,11,12]]],"type":"MultiPolygon","properties":{"name":"Oussudu (SC)","acNo":3,"state":"Puducherry"}},{"arcs":[[[13]],[[14,15,16]]],"type":"MultiPolygon","properties":{"name":"Kalapet","acNo":12,"state":"Puducherry"}},{"arcs":[[-16,17,18,19,20]],"type":"Polygon","properties":{"name":"Lawspet","acNo":11,"state":"Puducherry"}},{"arcs":[[-20,21,22,23,-5,24]],"type":"Polygon","properties":{"name":"Indira Nagar","acNo":8,"state":"Puducherry"}},{"arcs":[[25,26,27,28,29,30,-18,-15]],"type":"Polygon","properties":{"name":"Kamraj Nagar","acNo":10,"state":"Puducherry"}},{"arcs":[[31,32,-27]],"type":"Polygon","properties":{"name":"Muthialpet","acNo":13,"state":"Puducherry"}},{"arcs":[[-31,33,34,35,-22,-19]],"type":"Polygon","properties":{"name":"Thattanchavady","acNo":9,"state":"Puducherry"}},{"arcs":[[37,-2,38]],"type":"Polygon","properties":{"name":"Thirubhuvanai (SC)","acNo":2,"state":"Puducherry"}},{"arcs":[[39,40,41,-28,-33]],"type":"Polygon","properties":{"name":"Raj Bhavan","acNo":14,"state":"Puducherry"}},{"arcs":[[-36,42,43,44,-6,-24,45]],"type":"Polygon","properties":{"name":"Ozhukarai","acNo":6,"state":"Puducherry"}},{"arcs":[[[46,-34,-30,47]],[[48,49,50]]],"type":"MultiPolygon","properties":{"name":"Nellithope","acNo":17,"state":"Puducherry"}},{"arcs":[[[-46,-23]],[[-47,-51,51,-43,-35]]],"type":"MultiPolygon","properties":{"name":"Kadirgamam","acNo":7,"state":"Puducherry"}},{"arcs":[[-42,52,-49,-48,-29]],"type":"Polygon","properties":{"name":"Orleampeth","acNo":16,"state":"Puducherry"}},{"arcs":[[-45,53,54,55,56,-9,57,-7]],"type":"Polygon","properties":{"name":"Villianur","acNo":5,"state":"Puducherry"}},{"arcs":[[-41,58,59,60,-53]],"type":"Polygon","properties":{"name":"Oupalam","acNo":15,"state":"Puducherry"}},{"arcs":[[-61,61,-54,-44,-52,-50]],"type":"Polygon","properties":{"name":"Mudaliarpet","acNo":18,"state":"Puducherry"}},{"arcs":[[62,63,64,-55,-62,-60]],"type":"Polygon","properties":{"name":"Ariankuppam","acNo":19,"state":"Puducherry"}},{"arcs":[[-10,-57,65,66,67,68,69]],"type":"Polygon","properties":{"name":"Mangalam","acNo":4,"state":"Puducherry"}},{"arcs":[[70,-67,71,-64]],"type":"Polygon","properties":{"name":"Manavely","acNo":20,"state":"Puducherry"}},{"arcs":[[[72]],[[73]]],"type":"MultiPolygon","properties":{"name":"Nettapakkam (SC)","acNo":22,"state":"Puducherry"}},{"arcs":[[75,76,77]],"type":"Polygon","properties":{"name":"Embalam (SC)","acNo":21,"state":"Puducherry"}},{"arcs":[[[78]],[[79]]],"type":"MultiPolygon","properties":{"name":"Mahe","acNo":29,"state":"Puducherry"}},{"arcs":[[80,-77]],"type":"Polygon","properties":{"name":"Bahour","acNo":23,"state":"Puducherry"}},{"arcs":[[81,82,83,84]],"type":"Polygon","properties":{"name":"Nedungadu (SC)","acNo":24,"state":"Puducherry"}},{"arcs":[[85,86,87,-83]],"type":"Polygon","properties":{"name":"Karaikal North","acNo":26,"state":"Puducherry"}},{"arcs":[[-84,-88,88,89,90,91,92,93]],"type":"Polygon","properties":{"name":"Thirunallar","acNo":25,"state":"Puducherry"}},{"arcs":[[94,95,-89,-87]],"type":"Polygon","properties":{"name":"Karaikal South","acNo":27,"state":"Puducherry"}},{"arcs":[[97,-90,-96,98]],"type":"Polygon","properties":{"name":"Neravy- T.R. Pattin","acNo":28,"state":"Puducherry"}}]}}}